Apple 아이폰 13 256GB [자급제],"1,160,000원",https://cr.shopping.naver.com/adcr.nhn?x=D1wCHvrtBWWJlN%2FFf5ybdv%2F%2F%2Fw%3D%3DslT3mTK1QvybmOoCOqY7iurpQ1Q4D7%2BVlwz0a5mnNpLxhJz9H0Ub4KLvuVTVtNMxMY4MWiw57ssExmb4N3kqCDQo%2F2WkS%2F1yqvcelK6BfLcAWqpddrUc21rhtztvOWRiCnsPpi8ihUy7yDvfjUQ4HY8i30QtKP1mA7BYZPpxeJLexWvZfe2todmJfmpbNrXnqXKJBKazWTMr3TF%2BX7oeAGbix7jXt7MNVc9AIu4EfDZlNEwRr%2B3STfYHGn%2FB5b3e4e9MkjZFzcAMg%2F2zW8w6vMdnPHlSI9J5AfM%2BO0Q60LN6k6v2w9jBqMGR4TTsgYaQnlII%2ByYYqWVu3SSXxcjEJdLUlfo2x7Sn5JAQ3YR8Ux4NQvCL0vjT7BDyew%2BppTYv%2B42C%2Fc7qRTevQOFdP2Clgn4THvNVBKMJukKPdgF0%2Fl3BLXcv9Az4Jm6rquko58j6DsqLykQuGh01ylIDtEDoqxhIy2wWVjUusPlCOEqTKpuIUVxRG4ldwD1%2BkE4NgSPi6NNotVOjABJjx1NK3Vtd%2B89DU9Jr7766MwTTvjx3%2BDn2IDf9TYDOC4LzgCehLsur5IexHnOqvAqow5jb8zpnSBAcsQUK1qgUVcq6nW8ZoKSVXc50eBITwugSNPH3Ok09sVpGw61BSdoQRvEGgfFlc5w%3D%3D&nvMid=29029192591&catId=50001519
Apple 아이폰 13 프로 256GB [자급제],"1,294,000원",https://cr.shopping.naver.com/adcr.nhn?x=sELLnZCmGF42nFSocpxV%2FP%2F%2F%2Fw%3D%3Dsh6l2xEMVjqtvFOKz3vk09Tm1RE9z2b4yORVj9izZoH5hJz9H0Ub4KLvuVTVtNMxMThHWE5aaPQWxnsfc6pdcvgo%2F2WkS%2F1yqvcelK6BfLcAWqpddrUc21rhtztvOWRiCnsPpi8ihUy7yDvfjUQ4HY8i30QtKP1mA7BYZPpxeJLexWvZfe2todmJfmpbNrXnq6b4twwZe%2FXnN8SL9cd67Sbix7jXt7MNVc9AIu4EfDZlNEwRr%2B3STfYHGn%2FB5b3e4e9MkjZFzcAMg%2F2zW8w6vMdnPHlSI9J5AfM%2BO0Q60LN6k6v2w9jBqMGR4TTsgYaQnlII%2ByYYqWVu3SSXxcjEJdFZncmaBWv8fcUoMDvqA6NhQvCL0vjT7BDyew%2BppTYv%2B42C%2Fc7qRTevQOFdP2Clgn9O0ltzUe9FY5hg%2BTDV1yG1LXcv9Az4Jm6rquko58j6DsqLykQuGh01ylIDtEDoqxtvvos%2FMSuxElPahJc0T67zlE80KNwbfNxekQsGJejRksTXhzeKkynwlV5iG42bUwzkmD5qnDFroKuKXFTk4hXFf3W9zuzx85ttBJ4MX34NepuWmPUn4omDthcd%2BJi5EGhRXJ2nm3xEIdlw1tTpWYLFXc50eBITwugSNPH3Ok09sVpGw61BSdoQRvEGgfFlc5w%3D%3D&nvMid=29030492586&catId=50001519
Apple 아이폰 13 프로 128GB [자급제],"1,263,090원",https://cr.shopping.naver.com/adcr.nhn?x=%2BDJzeTPMvlHlY8tL1Bv6iP%2F%2F%2Fw%3D%3Ds3oDZjPIY7jMnJ%2BDGYmgmKfN6fWCsyvyUANuNMxJcPHsbsBKbbjTB%2BBCjsLv6tz%2BjSZf%2FqbJoFYWDML2ZPzW772j9Gnw51GFgnoDGXLvfK8yKX8XpzPKMTZuewgBLBiq5LlI3%2FqvnQekCI6nc0Sg7T0gAn8lD2%2BxrgblrBqYwPdWug%2B9sjA7rHdeMLkY%2BwIMU07oJ3o0uS6qCsqzVDCUSCzQZD6UDT51Dg8nNb9lI8fV%2BFLPJmN7kd5F0maTGsL0cZ2PjdVrTnQD3LaMw14Ld2kdA2CYiTD98DDVY8qJYykC54J8UO7LDGXdPU9Do8oyMXmq0wb8nQ9S1CNyVqQgAyDM5PcgQS%2BR0%2BKS1uYyFDbKzaLo3YojXuQJMvdaZ%2BI%2Fy%2F0X8gFBBhr6rnnTk5Nq2rJ4gJbX7D6ZbjiIWslg5d%2FOxyTNOpvF5JKAAUscSxRXpjrModG8ApvyDh2g%2Bv61QB9OgHh8GcAU6YAPLqcCMdFAN%2FOXq06xFLlMCwNDQObjPLcqEhOiscytOptfh0D9%2BAjrgZfv0j%2FV6X%2FhxIs9IJMj1nfmcFXJeetleezdj4M3yv4YGjJCSIW1IvBxXT1wG98enyvXk3M%2FZ2xl80%2BQjDv9vU2Y6hEEwGxc1AZfON9sL4VRAH%2BsMDObarUodGweR8Q%3D%3D&nvMid=29030420587&catId=50001519
Apple 아이폰 13 미니 128GB [자급제],"921,500원",https://cr.shopping.naver.com/adcr.nhn?x=%2FL%2B8uF3Ad6S7rfkgi3cW%2Bv%2F%2F%2Fw%3D%3DscG7FCNptB%2FpPEwOL3M7W8NeRER6N3X5wiRptIyGSyb1hJz9H0Ub4KLvuVTVtNMxMNXoIIiHwavJAqgaLXuWNJQo%2F2WkS%2F1yqvcelK6BfLcAWqpddrUc21rhtztvOWRiCnsPpi8ihUy7yDvfjUQ4HY8i30QtKP1mA7BYZPpxeJLexWvZfe2todmJfmpbNrXnq2drsUEzev9hA0cDt%2BuxFM7ix7jXt7MNVc9AIu4EfDZlNEwRr%2B3STfYHGn%2FB5b3e4e9MkjZFzcAMg%2F2zW8w6vMdnPHlSI9J5AfM%2BO0Q60LN6k6v2w9jBqMGR4TTsgYaQnlII%2ByYYqWVu3SSXxcjEJdARmzRXW0Y3NUkmpCbaGkw1QvCL0vjT7BDyew%2BppTYv%2B42C%2Fc7qRTevQOFdP2Clgn86oCt385A1D3duDTkPjGLVLXcv9Az4Jm6rquko58j6DsqLykQuGh01ylIDtEDoqxo3K7B%2FfdlOcsEFpeF9PYGXlE80KNwbfNxekQsGJejRksTXhzeKkynwlV5iG42bUw9%2BeA5Khd9J86lCPqjrgrxvdlzc3Xwq5B3nDIt33jRJgyMRKY036vKJ6UZX3NwIa3mQ81cS7vOO5hyo16ihigRTke%2FVP%2BgM94BPZkP5YJ%2Bex&nvMid=29030650586&catId=50001519
Apple 아이폰 13 128GB [자급제],"898,000원",https://cr.shopping.naver.com/adcr.nhn?x=OjSwU8qJvt0OlynBVg3Wsv%2F%2F%2Fw%3D%3DstjSQW%2FSOIUETVhuQm0xzAZvLCZE3FkYburAoZafSjmtWQE1WikGGRjsm7ORTamZ7XUJmdQa1V24s0b%2FgNVNfwwThNX6NpuKBuAALyN2KX1F6O2kD378tyngfoMIyDBsOBv62oZRTRbyIEJXO7qAv6kPg%2F6PYJW9LpCSumzPJoiiI9aZyW4hhCgmcrsQhWGWG7TgBVo8UmYdzXRq3xjDWuvKAXVfyDB1yTbVYYpYzcFnUHxlEatbmVq7jmztE%2Fyws2ZxpUZU%2FghDGfjx%2FbGc9Go8HCe%2Fem19nxZcKoH%2F96NMQhkkHXK4%2FmSRy5icYE%2F27tZ6VmffT6exYTIGAqoS%2BLsvFuXdVS5XefbcjCB6DjqZkIptLkhleORsoGb3BUK6Qk7A%2FO6d9%2F96zm7%2FMwASq2UDfF9cvaHPbDWG2UYi%2FOrFKsaK6szvgRo5X5XC1HnWyL6U2IGW%2FFcC17swZn%2BItBb2VsIAdSBjHtTdXYc693jejriJ8H0NV5nx9%2BVr0aUV2BrvsXtLMTdMmijH7hqA%2FZOcbAF17IBrzgYDtzbkrSwiOv%2B%2BG7P8zZs54SDuTec41S5J%2FH5kf6ZrQolXAXmLczvRRs2Tl2LVXyNQxua0eKL8GruH08DlKshetxY8KUEZb&nvMid=29030374587&catId=50001519
Apple 아이폰 13 프로 맥스 256GB [자급제],"1,555,690원",https://cr.shopping.naver.com/adcr.nhn?x=l5DSizdKxUu3K3fFJez%2F%2Ff%2F%2F%2Fw%3D%3Ds1VqUapA94Rpdy9RFBIAJUVQ061PqVkPit1GP3HoWssJhJz9H0Ub4KLvuVTVtNMxMsdp0fmhlMz2v4lkstOhAtQo%2F2WkS%2F1yqvcelK6BfLcAWqpddrUc21rhtztvOWRiCnsPpi8ihUy7yDvfjUQ4HY8i30QtKP1mA7BYZPpxeJLexWvZfe2todmJfmpbNrXnqiTiHgV17tngZX6ODLdebGbix7jXt7MNVc9AIu4EfDZlNEwRr%2B3STfYHGn%2FB5b3e4e9MkjZFzcAMg%2F2zW8w6vMdnPHlSI9J5AfM%2BO0Q60LN6k6v2w9jBqMGR4TTsgYaQnlII%2ByYYqWVu3SSXxcjEJdP89GVGAGhCtPnW6KYLSE%2FBQvCL0vjT7BDyew%2BppTYv%2B42C%2Fc7qRTevQOFdP2Clgn5qDTcwvRZ11kyUqJ36AQalLXcv9Az4Jm6rquko58j6DsqLykQuGh01ylIDtEDoqxgd%2BG16etLspUe2HE9zONyfG206zoTJkKRJKeFBLcypkhOBUHb0ZqO6MTkr8MsJnIU0CG5bPGe%2BF8TONeFIzNnt1olDMyMlBwKEMie0OM2hEEaThcwm2jOjlPe7qD4n461xBZqPMCDuVpK2XifnKVMEpTsIX5CmySv2fy7z8IMg7HRyPBWbUFRhWScTsgQynPg%3D%3D&nvMid=29030294588&catId=50001519
Apple 아이폰 13 미니 256GB [자급제],"1,027,630원",https://cr.shopping.naver.com/adcr.nhn?x=OAcho5Zj8A1v0b2wJ4N%2BAf%2F%2F%2Fw%3D%3Dse86CQxvkBXRiiDtmOeaBW8Vf51U2qX53l%2F%2Bq644Q%2Fn1hJz9H0Ub4KLvuVTVtNMxMeh7Kv1kBBp%2B5m9gO1hC6dwo%2F2WkS%2F1yqvcelK6BfLcAWqpddrUc21rhtztvOWRiCnsPpi8ihUy7yDvfjUQ4HY8i30QtKP1mA7BYZPpxeJLexWvZfe2todmJfmpbNrXnq057%2FmlbCMWUqQYtn8CmoI7ix7jXt7MNVc9AIu4EfDZlNEwRr%2B3STfYHGn%2FB5b3e4e9MkjZFzcAMg%2F2zW8w6vMdnPHlSI9J5AfM%2BO0Q60LN6k6v2w9jBqMGR4TTsgYaQnlII%2ByYYqWVu3SSXxcjEJdJMFsY2uI3Jq8BFd00S%2BQQdQvCL0vjT7BDyew%2BppTYv%2B42C%2Fc7qRTevQOFdP2Clgn26BfBptys0g9fSyyh10ap1LXcv9Az4Jm6rquko58j6DsqLykQuGh01ylIDtEDoqxqDKRyWzRbWfsIBl5SPfQ8zlE80KNwbfNxekQsGJejRksTXhzeKkynwlV5iG42bUwxJtY4blE7SbLfLoZemQn1CPxuisp72tgu2zECGfE00reSKOhT4C2s%2B6eU3CGkZdnfU%2F2Bm%2F1ywDwMJVW9gETlZXc50eBITwugSNPH3Ok09sVpGw61BSdoQRvEGgfFlc5w%3D%3D&nvMid=29030437590&catId=50001519
Apple 아이폰 13 프로 512GB [자급제],"1,638,000원",https://cr.shopping.naver.com/adcr.nhn?x=ALQsTd%2BpC3T2TPC3%2BnOeTv%2F%2F%2Fw%3D%3Ds7a%2B9%2F1WVCPyg84KZ%2BOLp6kW3S7R2g%2BEFzqGISl1pKkRhJz9H0Ub4KLvuVTVtNMxMCrMxld3xEPJM1SRDQI7Ylwo%2F2WkS%2F1yqvcelK6BfLcAWqpddrUc21rhtztvOWRiCnsPpi8ihUy7yDvfjUQ4HY8i30QtKP1mA7BYZPpxeJLexWvZfe2todmJfmpbNrXnqlDPFdx1sLuYHxlc7aw3L%2Brix7jXt7MNVc9AIu4EfDZlNEwRr%2B3STfYHGn%2FB5b3e4e9MkjZFzcAMg%2F2zW8w6vMdnPHlSI9J5AfM%2BO0Q60LN6k6v2w9jBqMGR4TTsgYaQnlII%2ByYYqWVu3SSXxcjEJdFbttWsjrGPnEmiYvYP6ktpQvCL0vjT7BDyew%2BppTYv%2B42C%2Fc7qRTevQOFdP2Clgn9oFPYqR1e7umZtQh30mK6NLXcv9Az4Jm6rquko58j6DsqLykQuGh01ylIDtEDoqxu%2FBhiEDQomJlLw1tRUWHW%2FlE80KNwbfNxekQsGJejRksTXhzeKkynwlV5iG42bUw32HhAO6Vy9FoXCnwOJtiq5DE0NeKHCi6hcN76oyBZqSY2E6yujLQ11ygCtiwpNH5bln8e32Prhci%2Bn9JRMT8BpXc50eBITwugSNPH3Ok09sVpGw61BSdoQRvEGgfFlc5w%3D%3D&nvMid=29030416587&catId=50001519
Apple 아이폰 13 프로 맥스 128GB [자급제],"1,460,000원",https://cr.shopping.naver.com/adcr.nhn?x=DlhvQRkM7b1mCx7IuZ0%2BgP%2F%2F%2Fw%3D%3DsL%2BLVeNyaKNd5qftDX4ibVJvPbNDKQy49GVsjLByuHDpWQE1WikGGRjsm7ORTamZ7e66yrsWHkIJm9VHWgX7LJwThNX6NpuKBuAALyN2KX1F6O2kD378tyngfoMIyDBsOBv62oZRTRbyIEJXO7qAv6kPg%2F6PYJW9LpCSumzPJoiiI9aZyW4hhCgmcrsQhWGWGhHspihOVp8HjBCkc%2F5FPbvKAXVfyDB1yTbVYYpYzcFnUHxlEatbmVq7jmztE%2Fyws2ZxpUZU%2FghDGfjx%2FbGc9Go8HCe%2Fem19nxZcKoH%2F96NMQhkkHXK4%2FmSRy5icYE%2F27Ol3zqkeUnHu%2BPM7rQLLPKcHyrsMb5zNQQHA2PhSDJ%2BZkIptLkhleORsoGb3BUK6Qk7A%2FO6d9%2F96zm7%2FMwASq2aEiotX4yACx%2FPIovOLnzsVKsaK6szvgRo5X5XC1HnWyJWkKsSeQuaZ%2FlYk3rKhKIOY%2FJYFUPN3nIhcqpag1mJ7PxSH%2BMhjwnhZYEHfltYfSuwP9L0j7YvHB2OKNn2rLcNNHEJBBCAxseZdrHZZ%2BjRI%2BJ6mJj9j96Z6Bbn1ZThRX%2BgtF15PMkmjkNDmi88yMRS2RpxyMd9hL8dl4eJcdI0xjtEEnHZo%2B%2FVuCJHvsmHjrDVCYCaeglF2rgr1u2OQIzQ%3D%3D&nvMid=29030367587&catId=50001519
Apple 아이폰 13 프로 맥스 512GB [자급제],"1,809,000원",https://cr.shopping.naver.com/adcr.nhn?x=UstuSv8BnN%2FKbPh%2F97tpff%2F%2F%2Fw%3D%3Dssr4AGkStrPxJdiHoAjEvB23pfkS4x9wDIPjFjrZLfu4bsBKbbjTB%2BBCjsLv6tz%2BjaIvyRNTNwCr%2BzWdttHJTSKwaoTk2f2%2FEvMhaW3CSVMSKX8XpzPKMTZuewgBLBiq5LlI3%2FqvnQekCI6nc0Sg7T0gAn8lD2%2BxrgblrBqYwPdWug%2B9sjA7rHdeMLkY%2BwIMU8l8EUbQKNtJLHSrS0FW8ATQZD6UDT51Dg8nNb9lI8fV%2BFLPJmN7kd5F0maTGsL0cZ2PjdVrTnQD3LaMw14Ld2kdA2CYiTD98DDVY8qJYykC54J8UO7LDGXdPU9Do8oyMXmq0wb8nQ9S1CNyVqQgAyHhC%2Bqxm4fEuVUTUxK4GPCGzaLo3YojXuQJMvdaZ%2BI%2Fy%2F0X8gFBBhr6rnnTk5Nq2rBlJPe3j5b5TImvYQcfvLT6xyTNOpvF5JKAAUscSxRXpjrModG8ApvyDh2g%2Bv61QB9KPcVZ%2FKrjPa0MWs5Dn6qSO%2FTmDzyWk%2F15Svlrc3SxOJQ7%2B%2B64EKB%2FCwjrIJoRho2LyPDWRgylYE96MH4EkL2bRJntxcmUH3cX1%2B%2BjvOOb8DWrhHEcp0p%2F%2FKKziu53PdNvSfrxHnUzpP8My1NNB2lFPDRDJ39jBoeGye%2BkA9Kbmy1Vhq%2FH77x9Zlr1IFzyuow%3D%3D&nvMid=29029192586&catId=50001519
Apple 아이폰 13 프로 맥스 1TB [자급제],"2,069,480원",https://cr.shopping.naver.com/adcr.nhn?x=U2CECphZ8JmffDTAbW0EW%2F%2F%2F%2Fw%3D%3Ds%2F3mg%2F0roW6S9usaajZwD8QkuqmZwLEA1NJZBiFaAS5hhJz9H0Ub4KLvuVTVtNMxM1LNYSFgyq9rYKBt%2BswkbuAo%2F2WkS%2F1yqvcelK6BfLcAWqpddrUc21rhtztvOWRiCnsPpi8ihUy7yDvfjUQ4HY8i30QtKP1mA7BYZPpxeJLexWvZfe2todmJfmpbNrXnqArgGaDBKbEfnwAwTC02FZ7ix7jXt7MNVc9AIu4EfDZlNEwRr%2B3STfYHGn%2FB5b3e4e9MkjZFzcAMg%2F2zW8w6vMdnPHlSI9J5AfM%2BO0Q60LN6k6v2w9jBqMGR4TTsgYaQnlII%2ByYYqWVu3SSXxcjEJdBJ2LvH8ARU6xv9Hnpc3GlNQvCL0vjT7BDyew%2BppTYv%2B42C%2Fc7qRTevQOFdP2Clgn7WsHgeVPOMnBLE8jgDkokBLXcv9Az4Jm6rquko58j6DsqLykQuGh01ylIDtEDoqxgd%2BG16etLspUe2HE9zONyc%2FPj2tyPie5WFGVZwWrShn8jR8gVF8FlQ9pItE8Zzc8m4R%2FcBAJaFMCiqTX1P5Sqxiix8oRHR7wlERVqo0aTZAjr%2Fvhuz%2FM2bOeEg7k3nONeCqp3uT0yHzEno%2FkUtrKsXVi9IRtsCmQ8IfpnxrV0SHQdAiJdwXirBRdnaxfvrBbw%3D%3D&nvMid=29029192590&catId=50001519
Apple 아이폰 13 미니 512GB [자급제],"1,249,000원",https://cr.shopping.naver.com/adcr.nhn?x=pdCKPvKnQY6RYqWdxYmIT%2F%2F%2F%2Fw%3D%3DstBJ3VAAzPJSNLyR2jHV7MKmkJ6NfCTcu4%2FvMklG6NjphJz9H0Ub4KLvuVTVtNMxMx2eh25o3zNx6qUfCrtK9rwo%2F2WkS%2F1yqvcelK6BfLcAWqpddrUc21rhtztvOWRiCnsPpi8ihUy7yDvfjUQ4HY8i30QtKP1mA7BYZPpxeJLexWvZfe2todmJfmpbNrXnqsbuGkiliGuKFQrhO3KCkYbix7jXt7MNVc9AIu4EfDZlNEwRr%2B3STfYHGn%2FB5b3e4e9MkjZFzcAMg%2F2zW8w6vMdnPHlSI9J5AfM%2BO0Q60LN6k6v2w9jBqMGR4TTsgYaQnlII%2ByYYqWVu3SSXxcjEJdDM96xA1XfdAQdPP0WxpTl5QvCL0vjT7BDyew%2BppTYv%2B42C%2Fc7qRTevQOFdP2Clgn%2BhVelcBFTQV5xikL4AH1SFLXcv9Az4Jm6rquko58j6DsqLykQuGh01ylIDtEDoqxmgxFHRioz1z0E25ckpJD8blE80KNwbfNxekQsGJejRksTXhzeKkynwlV5iG42bUwz6gU7cGd8dVi6iwuvhF8lQHaR8JROhhJdL3IweMlrCDJYV%2Fcv6vblaGAWe5Ac4mOMNqZbGyDpNee95UAUlNpi9WhZ3SMHTcLlpircdRzUgq1JIslBmdxaTx7xO1%2BPPoWw%3D%3D&nvMid=29030296587&catId=50001519
Apple 아이폰 13 프로 1TB [자급제],"1,902,630원",https://cr.shopping.naver.com/adcr.nhn?x=NHZaOPdb9rUY8e7UWgErVv%2F%2F%2Fw%3D%3Dsu52uMHPJ%2FmOBioDR0T1LNOFspVPYqX0t88YZymX8XhRhJz9H0Ub4KLvuVTVtNMxMzIFaATIjYNx8WarbreZ91go%2F2WkS%2F1yqvcelK6BfLcAWqpddrUc21rhtztvOWRiCnsPpi8ihUy7yDvfjUQ4HY8i30QtKP1mA7BYZPpxeJLexWvZfe2todmJfmpbNrXnqM3WLqq0EN7lRPuVNhhc%2BTLix7jXt7MNVc9AIu4EfDZlNEwRr%2B3STfYHGn%2FB5b3e4e9MkjZFzcAMg%2F2zW8w6vMdnPHlSI9J5AfM%2BO0Q60LN6k6v2w9jBqMGR4TTsgYaQnlII%2ByYYqWVu3SSXxcjEJdPEKE05IMquu0zLsixqTUd5QvCL0vjT7BDyew%2BppTYv%2B42C%2Fc7qRTevQOFdP2Clgn3euZd20RkZlVtr89j1pdp9LXcv9Az4Jm6rquko58j6DsqLykQuGh01ylIDtEDoqxmH4CfoiSfkf%2FJjTvgl3qv0i5HSrzhhCOMWuXdZxvGXvk9L6rt0SOVsUsc5EylGdlYBDdDuspIRSrtUG%2Ff0LGuIMZsTzFyhrBgfQcZ%2Bn0tmMmnn%2Fy8SE0yuNWGETg9CWXBQ4RjbDW5EkAJGzIbc9tD7ke%2FVP%2BgM94BPZkP5YJ%2Bex&nvMid=29029192588&catId=50001519
Apple 아이폰 13 512GB [자급제],"1,305,000원",https://cr.shopping.naver.com/adcr.nhn?x=NFxiyM%2F9Z2kcGMSzzPLrpf%2F%2F%2Fw%3D%3DsnPDqSfpBDjYoINeV7%2BrREH73aPROpL6lS%2FZYEFe7dkcbsBKbbjTB%2BBCjsLv6tz%2BjbR6thEhha12MqPReZMzk4qwaoTk2f2%2FEvMhaW3CSVMSKX8XpzPKMTZuewgBLBiq5LlI3%2FqvnQekCI6nc0Sg7T0gAn8lD2%2BxrgblrBqYwPdWug%2B9sjA7rHdeMLkY%2BwIMUMitlUrK3fytmuS7rXutm0DQZD6UDT51Dg8nNb9lI8fV%2BFLPJmN7kd5F0maTGsL0cZ2PjdVrTnQD3LaMw14Ld2kdA2CYiTD98DDVY8qJYykC54J8UO7LDGXdPU9Do8oyMXmq0wb8nQ9S1CNyVqQgAyOvYbLtY4dnSujR3Up0xd0GzaLo3YojXuQJMvdaZ%2BI%2Fy%2F0X8gFBBhr6rnnTk5Nq2rIQI7IaXMjuBu8F1ydz8QfixyTNOpvF5JKAAUscSxRXpjrModG8ApvyDh2g%2Bv61QB9TucHVvar8FC7tcnmzfZfJD%2FkFMO4s7sTx4sbc7XXXQvaOjGxMtdSZf0nL3LrxHbPaGbYmlnLI0Wj9ghKSfeE1PwCXFJiRdosf3os3K%2FWn1DBkLICCXAtGOz5qo4R67jWW5ku7chlVoMyQ%2F%2FeJhIsNoaKZHilHbuauHUigNM5KA&nvMid=29030496586&catId=50001519
Apple 아이폰 13 미니 256GB [LG U+],"138,980원",https://cr.shopping.naver.com/adcr.nhn?x=NCLE5xa7rUQpPHtAjVMO4v%2F%2F%2Fw%3D%3Ds5p6V9%2BxkfyCka4YrIw3%2BF43mH0KOD4jhJMiKarmtxBRhJz9H0Ub4KLvuVTVtNMxM07mxBNGf461HB%2F44b5biLgo%2F2WkS%2F1yqvcelK6BfLcAWqpddrUc21rhtztvOWRiCnsPpi8ihUy7yDvfjUQ4HY8i30QtKP1mA7BYZPpxeJLexWvZfe2todmJfmpbNrXnq7r8%2BMjx%2B1KQXJkem2XwtE7ix7jXt7MNVc9AIu4EfDZlNEwRr%2B3STfYHGn%2FB5b3e4e9MkjZFzcAMg%2F2zW8w6vMdnPHlSI9J5AfM%2BO0Q60LN6k6v2w9jBqMGR4TTsgYaQnlII%2ByYYqWVu3SSXxcjEJdJAdM6kj6S5yv4fnxO0wmcxQvCL0vjT7BDyew%2BppTYv%2Bf7tEsR%2FQiiXKDPGKE8P4jL%2FqeYdoOS8S%2B57F%2BDi14MVLXcv9Az4Jm6rquko58j6DsqLykQuGh01ylIDtEDoqxqDKRyWzRbWfsIBl5SPfQ8wZyVXP8MBx51PcdtMFtsvBK2ud1b%2BfZwYPU0n%2BzLfOdbLw7cRBG58q%2FWlnYYTjZvCtqaMHAJkj0DAJXiYJNZCZO3nLFkOo2CS2WFJ3T7XjG%2B3C6zO5EZjx8WDJgCseQbNoaKZHilHbuauHUigNM5KA&nvMid=29030376589&catId=50000248
Apple 아이폰 13 미니 128GB [LG U+],"8,500원",https://cr.shopping.naver.com/adcr.nhn?x=ckoSsWi0Q2WTbzA7fsjKW%2F%2F%2F%2Fw%3D%3Ds185FuaJp1iUiVIQe8Jcn36tAz5eq59fbIlmghK4kx7phJz9H0Ub4KLvuVTVtNMxMEN6xN3XqXWtcw79p5Up4Fgo%2F2WkS%2F1yqvcelK6BfLcAWqpddrUc21rhtztvOWRiCnsPpi8ihUy7yDvfjUQ4HY8i30QtKP1mA7BYZPpxeJLexWvZfe2todmJfmpbNrXnq%2BhHtf9UPvVuecHCypfH0H7ix7jXt7MNVc9AIu4EfDZlNEwRr%2B3STfYHGn%2FB5b3e4e9MkjZFzcAMg%2F2zW8w6vMdnPHlSI9J5AfM%2BO0Q60LN6k6v2w9jBqMGR4TTsgYaQnlII%2ByYYqWVu3SSXxcjEJdI%2B0hTQoxekD2tmZ8WmiuC5QvCL0vjT7BDyew%2BppTYv%2Bf7tEsR%2FQiiXKDPGKE8P4jO6rTqbWFLDMn9%2BmdEor%2FY9LXcv9Az4Jm6rquko58j6DsqLykQuGh01ylIDtEDoqxo3K7B%2FfdlOcsEFpeF9PYGUZyVXP8MBx51PcdtMFtsvBK2ud1b%2BfZwYPU0n%2BzLfOdeaysIQRD7clcKtvmrg3pEGIDf9TYDOC4LzgCehLsur5FXd3gzmctLXrQE0OUTVEozkqnieJ6L76fIm0iALpf9CFbDf4gHI5rSMJU1BWcIOg&nvMid=29030431586&catId=50000248
Apple 아이폰 13 프로 128GB [LG U+],"698,100원",https://cr.shopping.naver.com/adcr.nhn?x=xbuUNA%2BzJQ1vAR1Ao8gVSv%2F%2F%2Fw%3D%3Ds5JAT8mem1n18%2FAvJjNznZ7H6wNvK8xjiE%2BQHjO%2Bidj9hJz9H0Ub4KLvuVTVtNMxMtTmF8jRNB9ZX3Yd115dV6Qo%2F2WkS%2F1yqvcelK6BfLcAWqpddrUc21rhtztvOWRiCnsPpi8ihUy7yDvfjUQ4HY8i30QtKP1mA7BYZPpxeJLexWvZfe2todmJfmpbNrXnqg7gKiQG8MTIItSW%2BDJaVQrix7jXt7MNVc9AIu4EfDZlNEwRr%2B3STfYHGn%2FB5b3e4e9MkjZFzcAMg%2F2zW8w6vMdnPHlSI9J5AfM%2BO0Q60LN6k6v2w9jBqMGR4TTsgYaQnlII%2ByYYqWVu3SSXxcjEJdKujPdLBgIPNUIuFCy4r1PNQvCL0vjT7BDyew%2BppTYv%2Bf7tEsR%2FQiiXKDPGKE8P4jMmNLXoqay3VD8qhhBKzP0NLXcv9Az4Jm6rquko58j6DsqLykQuGh01ylIDtEDoqxsERtARkDvV5bMoKfLF04kQZyVXP8MBx51PcdtMFtsvBK2ud1b%2BfZwYPU0n%2BzLfOdSA6%2FEpUr%2F2pUqwAJFFUW42tqaMHAJkj0DAJXiYJNZCZbWm7yQW1Ub8DPtsAyPXo0%2B5sJAUrAvRPRqzXEO1XNw1oaKZHilHbuauHUigNM5KA&nvMid=29030175590&catId=50000248
Apple 아이폰 13 프로 256GB [LG U+],"828,980원",https://cr.shopping.naver.com/adcr.nhn?x=TaLZoOGlLS12zHaK3PdEf%2F%2F%2F%2Fw%3D%3Ds6p%2Bq2%2F97s1E4dJf2agyMy1FdrQ8kJMaqShlmxB5vJp5WQE1WikGGRjsm7ORTamZ7OUwDXZBsHsZWoUUj0vWS1gThNX6NpuKBuAALyN2KX1F6O2kD378tyngfoMIyDBsOBv62oZRTRbyIEJXO7qAv6kPg%2F6PYJW9LpCSumzPJoiiI9aZyW4hhCgmcrsQhWGWG1qpTT70Ggsw7BdaCH1Z5mvKAXVfyDB1yTbVYYpYzcFnUHxlEatbmVq7jmztE%2Fyws2ZxpUZU%2FghDGfjx%2FbGc9Go8HCe%2Fem19nxZcKoH%2F96NMQhkkHXK4%2FmSRy5icYE%2F27%2FhDyiXZ86Jo%2BZEQ64BV62fNox1qIF51Kp1sna%2BNZGpZkIptLkhleORsoGb3BUK6QdpNigRczOXpJrKZuD6kaG2dnbrsMNip6akvn7%2FRx669KsaK6szvgRo5X5XC1HnWyJWkKsSeQuaZ%2FlYk3rKhKIA0CYUgjhcXtTlLCaoz0q6maU9qNqKx0Qc11MwuBOlFmFUGuMYzpkFC5EDWgDPyQkOgudApBXzrOgfGzvdKzb59icchwRNwmJ84TyxvjggzFst52MUBseFCK79sAK1FYLcvUZ%2BN%2BNghvPs7zkA0TdV4OEsHC78VBLnFZh%2FnDobeN&nvMid=29030415586&catId=50000248
Apple 아이폰 13 128GB [LG U+],"173,480원",https://cr.shopping.naver.com/adcr.nhn?x=fQb15Tj1ngBRtmb0lGQ7eP%2F%2F%2Fw%3D%3DsjWwQYq74pC%2FU9A%2BcfJ7zfHkvdDhRexm%2Fn07ljT6mdthhJz9H0Ub4KLvuVTVtNMxM1SMTAY3R%2BKCny8J14hqnHAo%2F2WkS%2F1yqvcelK6BfLcAWqpddrUc21rhtztvOWRiCnsPpi8ihUy7yDvfjUQ4HY8i30QtKP1mA7BYZPpxeJLexWvZfe2todmJfmpbNrXnqYKFZZuluUMYgcwBfGEHeObix7jXt7MNVc9AIu4EfDZlNEwRr%2B3STfYHGn%2FB5b3e4e9MkjZFzcAMg%2F2zW8w6vMdnPHlSI9J5AfM%2BO0Q60LN6k6v2w9jBqMGR4TTsgYaQnlII%2ByYYqWVu3SSXxcjEJdFTCek24qtCLwqo2szraKMpQvCL0vjT7BDyew%2BppTYv%2Bf7tEsR%2FQiiXKDPGKE8P4jC3iI41acw8YbdaZPOPdjr5LXcv9Az4Jm6rquko58j6DsqLykQuGh01ylIDtEDoqxokIwakjXXQ7BCSNC4IBYYDyNHyBUXwWVD2ki0TxnNzydCWLDMPLnMJf0FHAMveJx4vHRKD0Oq8D9%2FodZhkTz1f6C0XXk8ySaOQ0OaLzzIxFnGFyM1%2Bj2IeDI4taTHkcovRRs2Tl2LVXyNQxua0eKL8GruH08DlKshetxY8KUEZb&nvMid=29030372586&catId=50000248
Apple 아이폰 13 미니 512GB [LG U+],"478,970원",https://cr.shopping.naver.com/adcr.nhn?x=RW9agezWrX4RDIY4939eK%2F%2F%2F%2Fw%3D%3DsYKPv%2BRQS3F8qHnlXBonhVSELKTDJpb4Fmb2MU1ihGDxhJz9H0Ub4KLvuVTVtNMxMxmHdizo23Ya1EUv%2F2XOzQAo%2F2WkS%2F1yqvcelK6BfLcAWqpddrUc21rhtztvOWRiCnsPpi8ihUy7yDvfjUQ4HY8i30QtKP1mA7BYZPpxeJLexWvZfe2todmJfmpbNrXnqmNCzWTrruETuuT6FCzP1m7ix7jXt7MNVc9AIu4EfDZlNEwRr%2B3STfYHGn%2FB5b3e4e9MkjZFzcAMg%2F2zW8w6vMdnPHlSI9J5AfM%2BO0Q60LN6k6v2w9jBqMGR4TTsgYaQnlII%2ByYYqWVu3SSXxcjEJdA3CES5gcI9E6uHpljtQ%2FRBQvCL0vjT7BDyew%2BppTYv%2Bf7tEsR%2FQiiXKDPGKE8P4jCywFeoZiLvXmXDlADo%2FNQ9LXcv9Az4Jm6rquko58j6DsqLykQuGh01ylIDtEDoqxmgxFHRioz1z0E25ckpJD8YZyVXP8MBx51PcdtMFtsvBK2ud1b%2BfZwYPU0n%2BzLfOdZbNN%2Bzm0xwPzqpcUszCRhytqaMHAJkj0DAJXiYJNZCZgScWvM6EpLrU%2BD9eaUSXOy7iTElj8TD7UdVdCS31hpRoaKZHilHbuauHUigNM5KA&nvMid=29030419586&catId=50000248
Apple 아이폰 13 프로 맥스 256GB [LG U+],"969,470원",https://cr.shopping.naver.com/adcr.nhn?x=Gdvoum0jrSEpVQzL%2BpqG2f%2F%2F%2Fw%3D%3DsO4vYiI9rrjtenbGDsFQMqDxNSK0g8O61Y4HVyMBpbWEXfmlaZeQqomjdtI9e3qsmkNvHNahwgaE%2BnzHHCNgmLnN%2BM1YDErTajZHXKS8d6PyfIbblzHnGHUUarPEhL%2BAiUkt49QFqDkIcQWK19Xwh6MOmY27ZGze0Q%2BtXRlM4OxtFSICBvI1ATDFN58yC%2Fe2xqSFFtGqZ4SO%2FZCdEAQNyVMdAmfSN83ChOoIPfneWzCavS7fnn7TEzbGYEdK0Stlz6i1ztZNOkGaczSIItem9pRzzON9aTM%2Fdo2I2z9yt2AkHs%2F2PHkpmvWjL2qy1nHub7C7kTUH7HP2f7wm%2BKkn5JUI1lJcppF2mwpEtFyWuewhXfqiCwBtPYYwEdSt6i2JAQEJwufU6UXh2ozJpaN7c9YKRWQRoKUYseJSMX4ors%2BUEc05LTibBt%2FawtKKLwCqnk6qjg%2F%2B%2B1yHbR7Om%2F12%2BtAm3dAkP%2Fn0VvyxjRZxDM5AHyKwMIinsXLRIwPAEQA4X2UjohpK7sZyY83SOIj%2FwoNHyA5swKAPTFHMXRh1oMspPwCXFJiRdosf3os3K%2FWn1LrN4FW4n%2FWSK6fBrtrgBAlo9qPSrs22csuc9aXRcNBDNjqh%2FZemCCOboDhnweAmG&nvMid=29030190586&catId=50000248
Apple 아이폰 13 프로 맥스 128GB [LG U+],"838,970원",https://cr.shopping.naver.com/adcr.nhn?x=7WFwgFwFcuC6bjPH%2B71vhP%2F%2F%2Fw%3D%3DsnmmX5SyQEN3MFtbnfFiQDLWcuYJA%2BT%2BdNzAMHJHWXIwbsBKbbjTB%2BBCjsLv6tz%2Bj%2Be0QLKq0DyIgBI6T6yUrK8mEGyAPW0JRo1KsVw3JcUKKX8XpzPKMTZuewgBLBiq5LlI3%2FqvnQekCI6nc0Sg7T0gAn8lD2%2BxrgblrBqYwPdWug%2B9sjA7rHdeMLkY%2BwIMUD6bSGd4rwDk3qyUDgUSRJzQZD6UDT51Dg8nNb9lI8fV%2BFLPJmN7kd5F0maTGsL0cZ2PjdVrTnQD3LaMw14Ld2kdA2CYiTD98DDVY8qJYykC54J8UO7LDGXdPU9Do8oyMXmq0wb8nQ9S1CNyVqQgAyBYcyTyIk6jeVKcu7uuxiEazaLo3YojXuQJMvdaZ%2BI%2FyLqWgWd0hjfnomE3vy2MrU3RPmwtp5bBmDAczpNwSfwSxyTNOpvF5JKAAUscSxRXpjrModG8ApvyDh2g%2Bv61QB9KPcVZ%2FKrjPa0MWs5Dn6qTDn6OqyG%2FLBJ1GRebB6%2FaVo64ifB9DVeZ8ffla9GlFdsMMrdo4Qy7N8PSEN3QdEyt95zMvchUetFis3xhDo%2FAFjr%2Fvhuz%2FM2bOeEg7k3nONYT3z%2BqQ3OqRphuzqGrmXSrympQE2a13mObubYhS2xTZQdAiJdwXirBRdnaxfvrBbw%3D%3D&nvMid=29030352586&catId=50000248
Apple 아이폰 13 256GB [LG U+],"297,960원",https://cr.shopping.naver.com/adcr.nhn?x=OAQG75j0kCMNkI791%2FEDnv%2F%2F%2Fw%3D%3DsMayFzDzKT37hAqA1tvfVOE7u%2FyvnkSqknLcfFQnqEUcbsBKbbjTB%2BBCjsLv6tz%2Bjd%2BTPIwRGq%2BvUhr5dMetEnGqhzEnR%2FyWWb9cDeg5zNPqKX8XpzPKMTZuewgBLBiq5LlI3%2FqvnQekCI6nc0Sg7T0gAn8lD2%2BxrgblrBqYwPdWug%2B9sjA7rHdeMLkY%2BwIMUOYQbPHRk7gx3HlPTUxI7DDQZD6UDT51Dg8nNb9lI8fV%2BFLPJmN7kd5F0maTGsL0cZ2PjdVrTnQD3LaMw14Ld2kdA2CYiTD98DDVY8qJYykC54J8UO7LDGXdPU9Do8oyMXmq0wb8nQ9S1CNyVqQgAyCFdbrmORdPDf%2FfFFlbQlkGzaLo3YojXuQJMvdaZ%2BI%2FyLqWgWd0hjfnomE3vy2MrUwDrOr6RiUPcK5NmWVnTts%2BxyTNOpvF5JKAAUscSxRXpjrModG8ApvyDh2g%2Bv61QB5mjNbC1exiB7P4f4RdErd2hzDfp6Y5Zq42WobtISlGzSxn8Wh%2F0W%2BjhD71xZIxTFcTDyqtGnUjT1fLEYIPirvARpOFzCbaM6OU97uoPifjr3%2Ftr7EBtDf4TVELGjKeQlrimP6KcQ8NrfZJZlTxnqFuCqA6%2BrrPkSkQjk3bFq%2FUy&nvMid=29030189588&catId=50000248
Apple 아이폰 13 프로 512GB [LG U+],"1,018,980원",https://cr.shopping.naver.com/adcr.nhn?x=rgRzrcAaCnja2f50EkR74%2F%2F%2F%2Fw%3D%3DsAczgDnN417i0Lo6Rg2yWlOpNCh2OxbJurxYoa3kgXHwbsBKbbjTB%2BBCjsLv6tz%2Bjq2BDe3nnYeejyHk1rb%2B23M1XZQ0ZwVKIvT2jpGqJQ4%2BKX8XpzPKMTZuewgBLBiq5LlI3%2FqvnQekCI6nc0Sg7T0gAn8lD2%2BxrgblrBqYwPdWug%2B9sjA7rHdeMLkY%2BwIMUmRDWhNotjbnuwU%2BcfNUqnjQZD6UDT51Dg8nNb9lI8fV%2BFLPJmN7kd5F0maTGsL0cZ2PjdVrTnQD3LaMw14Ld2kdA2CYiTD98DDVY8qJYykC54J8UO7LDGXdPU9Do8oyMXmq0wb8nQ9S1CNyVqQgAyAVdrgl1BMtl9BOol4j6FgOzaLo3YojXuQJMvdaZ%2BI%2FyLqWgWd0hjfnomE3vy2MrU4h%2BcRK7%2FN7hGXRrttaJlWixyTNOpvF5JKAAUscSxRXpjrModG8ApvyDh2g%2Bv61QB4477o7USeaHMDW4VjUWS83%2FzaVgfXndF2fkBs0qzZTvfpF8bfclcJjAeddKIqLqoM%2Bv1ivlm0kuz%2Fsm3AViKsQT9o2zmLnfTG8hmHQ6kz8d1ESNQ3kKnipLhgHnsqNjmXl1AFD1JmncmBzm0NU0gdxXc50eBITwugSNPH3Ok09sVpGw61BSdoQRvEGgfFlc5w%3D%3D&nvMid=29030295586&catId=50000248
Apple 아이폰 13 프로 맥스 512GB [LG U+],"1,284,080원",https://cr.shopping.naver.com/adcr.nhn?x=XA3fjwtUpnCumNTX0%2FCo1v%2F%2F%2Fw%3D%3DsYK6RB5jfw2twNsjau0m2rnpLUEzh6S0CaoBb2MQTAmthJz9H0Ub4KLvuVTVtNMxM80reZs%2FW77MQqobqCJSPdAo%2F2WkS%2F1yqvcelK6BfLcAWqpddrUc21rhtztvOWRiCnsPpi8ihUy7yDvfjUQ4HY8i30QtKP1mA7BYZPpxeJLexWvZfe2todmJfmpbNrXnqC8G1K0WqC%2BMx%2Bsb%2BJ3EYX7ix7jXt7MNVc9AIu4EfDZlNEwRr%2B3STfYHGn%2FB5b3e4e9MkjZFzcAMg%2F2zW8w6vMdnPHlSI9J5AfM%2BO0Q60LN6k6v2w9jBqMGR4TTsgYaQnlII%2ByYYqWVu3SSXxcjEJdLGNeLgHSrL%2BcHNbZjXzZTlQvCL0vjT7BDyew%2BppTYv%2Bf7tEsR%2FQiiXKDPGKE8P4jFTTZCCZrQLPFB2ZxtjBruNLXcv9Az4Jm6rquko58j6DsqLykQuGh01ylIDtEDoqxgd%2BG16etLspUe2HE9zONydBQx2J0IovtSa9qv9oplPOXGfKYExq7uG4FGIUYcPNseulE%2FYQS7k8%2F%2F6IhfnMvUeOPBTtwQEqLiIOey9hhTXmv4YGjJCSIW1IvBxXT1wG9yWoelLL4734Py1bfsqh96NjtEEnHZo%2B%2FVuCJHvsmHjrDVCYCaeglF2rgr1u2OQIzQ%3D%3D&nvMid=29030181590&catId=50000248
Apple 아이폰 13 512GB [LG U+],"598,970원",https://cr.shopping.naver.com/adcr.nhn?x=yRn%2BcX08FA3mcjteOvOdkf%2F%2F%2Fw%3D%3DsC2Hd5u7Lmg6b%2FxdvROYnH419grgzhtW9ByOvPxwlg%2F9WQE1WikGGRjsm7ORTamZ7RJZifjD3sOsUz2EAKenqiwThNX6NpuKBuAALyN2KX1F6O2kD378tyngfoMIyDBsOBv62oZRTRbyIEJXO7qAv6kPg%2F6PYJW9LpCSumzPJoiiI9aZyW4hhCgmcrsQhWGWGX%2B2ylAMx2hZri%2F8qpxunmfKAXVfyDB1yTbVYYpYzcFnUHxlEatbmVq7jmztE%2Fyws2ZxpUZU%2FghDGfjx%2FbGc9Go8HCe%2Fem19nxZcKoH%2F96NMQhkkHXK4%2FmSRy5icYE%2F27dIBakKSC%2FecSFSX2ad%2FaSwPeaiYVJ6KvuaILnXsA6p9kIptLkhleORsoGb3BUK6QdpNigRczOXpJrKZuD6kaG9uNjj7LcYriiPZpx0%2FiFIBKsaK6szvgRo5X5XC1HnWyc2LvbLmb0piWIbzV6Bm0kzaOWZD02UcGB2wDAxZqi%2BpJm%2F1ne9lUZdiLJ5vX8PmzAubhqGXnd7vMa0m8D69QofcDSB4t7LnIeHBMw1HDCAKv2c6OGybF5v%2FPFG0O4y4NkfD8dWxnrC7Rj2dTtUTU%2FQN%2BQsjK6V0FLd%2Fybx7qcubNSE3OzZUT76KyqzckASmm&nvMid=29030296586&catId=50000248
Apple 아이폰 13 프로 맥스 1TB [LG U+],"1,560,280원",https://cr.shopping.naver.com/adcr.nhn?x=GHXQCIGCYs0t2RWF4esiiP%2F%2F%2Fw%3D%3Dsl%2Bxf6dP6GYIXiQJh5vb9Caob346F4%2FYiDAkI%2FOjnnhphJz9H0Ub4KLvuVTVtNMxMctQSeA4ldSdNOX4oZbzKmwo%2F2WkS%2F1yqvcelK6BfLcAWqpddrUc21rhtztvOWRiCnsPpi8ihUy7yDvfjUQ4HY8i30QtKP1mA7BYZPpxeJLexWvZfe2todmJfmpbNrXnqtEOmvpx%2BMqvJh%2Birm3Rmqrix7jXt7MNVc9AIu4EfDZlNEwRr%2B3STfYHGn%2FB5b3e4e9MkjZFzcAMg%2F2zW8w6vMdnPHlSI9J5AfM%2BO0Q60LN6k6v2w9jBqMGR4TTsgYaQnlII%2ByYYqWVu3SSXxcjEJdAPY6iLRLT3BLNNgtkD%2BQ65QvCL0vjT7BDyew%2BppTYv%2Bf7tEsR%2FQiiXKDPGKE8P4jPAFjn%2FUHBDbownRDGmc7QVLXcv9Az4Jm6rquko58j6DsqLykQuGh01ylIDtEDoqxgd%2BG16etLspUe2HE9zONyfB%2FDJCOEMt67pAoo8Ur8ApQbJE2qH6sAOiEA%2FCWTmW%2B3K7PTpo34UfsQ575Qt8pVSkFgqDcg2hz3bWYmYoLsuE1W%2BfrCsViFxcA2Q%2B8AdjWwfb4z%2FbQPv%2BggHPX3dgJBQDfkLIyuldBS3f8m8e6nLmzUhNzs2VE%2B%2Bisqs3JAEppg%3D%3D&nvMid=29030181587&catId=50000248
Apple 아이폰 13 프로 1TB [LG U+],"1,406,280원",https://cr.shopping.naver.com/adcr.nhn?x=%2FKgJlDntKM5JRCImREzBu%2F%2F%2F%2Fw%3D%3DsL%2FT2KIxWW9hYHH%2Fh4QddgTLCXOVWVClGgmcxY8rrNLEbsBKbbjTB%2BBCjsLv6tz%2Bj%2FIObaTAc7CkJ1wkFyMR30HlOPlWE%2F8X5yI1GOOSlXyOKX8XpzPKMTZuewgBLBiq5LlI3%2FqvnQekCI6nc0Sg7T0gAn8lD2%2BxrgblrBqYwPdWug%2B9sjA7rHdeMLkY%2BwIMUDGwE3QsWN9QrsglmPdQz5zQZD6UDT51Dg8nNb9lI8fV%2BFLPJmN7kd5F0maTGsL0cZ2PjdVrTnQD3LaMw14Ld2kdA2CYiTD98DDVY8qJYykC54J8UO7LDGXdPU9Do8oyMXmq0wb8nQ9S1CNyVqQgAyLPsAZOrgqAhhKnhfixpuXGzaLo3YojXuQJMvdaZ%2BI%2FyLqWgWd0hjfnomE3vy2MrU1U4c5slvWdysQYShdod4u%2BxyTNOpvF5JKAAUscSxRXpjrModG8ApvyDh2g%2Bv61QB4hhUHSIqUSzlwwt5cSI9IkHyKwMIinsXLRIwPAEQA4X2UjohpK7sZyY83SOIj%2FwoJceCKAOuIXeZxOfRgANTB%2FvW2q1ZBpuV%2F%2FvtKUgTGHnKc6Tspv6VBkhHd0O47SwhGc8zu0DGnbJ4wEvQw9Bm5jNjqh%2FZemCCOboDhnweAmG&nvMid=29030294586&catId=50000248
Apple 아이폰 13 mini 자급제 128GB 핑크,"930,980원",https://cr.shopping.naver.com/adcr.nhn?x=auaFSbLc5MOM9NVyfWLizf%2F%2F%2Fw%3D%3Dsp49KWqQfbmIz2XcCU9NVd9hzwqStXkOnb3nJ63SDcR9WQE1WikGGRjsm7ORTamZ74NRw0apoyE0yKHFLb5yOhgThNX6NpuKBuAALyN2KX1F6O2kD378tyngfoMIyDBsOEqPwp7MKbD%2FmBSv2Bdg02XzmYN%2Fcvl75AGnByk2TjWEm5OY6%2FBA05LWPXaqTF3xXnI3Q%2FuFm111yFJnQ1iq5B71Tu2YAED8FE1DskIgCmU0ZGe4cP7cVYU9o63cGbOe8CT0A%2Fhi0KCJEEZzc%2BFaeIxk%2FmKhin15cT4wq2TfBk4KQT%2F1%2BUqlrPlwXUnpD%2FFtpXJS55QorKjMkqHIgTR6eThnUGz680XENhp9PJ%2BAW3DvBz7%2BORHa%2BX777%2F5U82WuFRDpykpOqWZgZqWcBmVwRDa6uj753TXf7FXhrCRBeaWFdrU9gBvTOY8XVxGgpGxxdzmTgBf8s9pHWooJeUmRwOs5msUBBCQDT8FT1939LbgvM1lwfQy7SrRH%2FEshmn%2FEduycPGUmE%2B%2FkBn2xUmVUl2DgZH4JSoRb30E92AHG9Ef7x91hdeRCkNc2L18DVFH4QL3aXMZghk2CNFMEpXJGpCL8dPPduvXxtJYt5kxwG2U1lNzdJFgkoR1MOL3Zb6EWFz%2FtY9fEfCufqHSHikqpTRSuOXTYQ0p7PyX7zL0wYCGBXc50eBITwugSNPH3Ok09sVpGw61BSdoQRvEGgfFlc5w%3D%3D&nvMid=29619937553&catId=50001519
아이폰 13 미니 256GB 자급제 미개봉 새상품,"807,840원",https://cr.shopping.naver.com/adcr.nhn?x=%2FffTzGTzRt7e128jxVUC8%2F%2F%2F%2Fw%3D%3Dsh3i61KnVjZO%2FrWc4XVfJ8DF7bAJb6k3qK3zEzqtEUY5WQE1WikGGRjsm7ORTamZ7wl8UluTLyw99v%2BvLznXCMAThNX6NpuKBuAALyN2KX1F6O2kD378tyngfoMIyDBsOD3VQ6RV4jSwplaf4xlPVf7D9cbDzdvBhYP28y8rhu4mr9N9rARz1GwL8SD%2B61y0rIB1FackG53tBT8SiDT0saLMXgnzuyQdYaMDA9whFdPdrOrItP83SEKmFVeTHvEZpq4pZA3hvtay1NdVGnhX93YrHsbeStsmJBfOvK7DA6omsIzMbpf0MeiSoCqbQSBpXQv4tFWwJpx6ErZqXCT99hBtX1KiGewk6njQXhFIriI0Zs%2FowKlsBZMrmOs9VE7BTzfNVo1KcSVSazeZg7M%2BAaVkd%2BDxoF9tSF%2BRcAfFPwF926GLZoh5mx%2FfONND%2BF6sPL9aPtvqGLk6unGRe9ulMm4py0qbRAw24xBOhoW66GSjN0LIQwjBUj1oQsdEYkd0ZVuDl%2F2URiVhet6EOtouuhHwJeXbnU6mZaLN%2BXPYoRZwmA2czeX2%2FY78u5AYJ4Fu0RM8cniGW%2FzGjbPkSM%2BHiGM2OqH9l6YII5ugOGfB4CYY%3D&nvMid=30313661098&catId=50001519
Apple 아이폰 13 자급제 핑크 256GB,"1,217,700원",https://cr.shopping.naver.com/adcr.nhn?x=u%2BDjtCL7BP2kzzk9UF%2FjEf%2F%2F%2Fw%3D%3DsMA%2BB1EOQsFVgVggvfk87nWKsb7dQEdhTJ7UilspDYIdhJz9H0Ub4KLvuVTVtNMxMkAzwSlUM3zHcWZhCgrGFSwo%2F2WkS%2F1yqvcelK6BfLcAWqpddrUc21rhtztvOWRiCnsPpi8ihUy7yDvfjUQ4HY23JzeXxkSdTecfUR4%2FvRQjd%2BKwjnmE8nmku4yNhWgwhmfLAARyRl0caaiEG3Q2bq6UsrdZNxDQb%2BDPWNOX6jNgs%2BnXGkM%2FXvsmAB4CtvjzKE29GBb%2BbNQNUHDJnpPZAEwy%2BUtqc4Kte5rMdoAZT%2BcaiublBLPqjBpyMr35wpQywD6pWD%2FgSYT8jcxi6tmwn%2FpkAfpYimiWipGj21iExsOlr6kdrp7BvT8OlwZ7P37YyZp%2FuhVWf5tMOyu5R2EADu%2BUMUZJ1BE6TIvJozofGnRuswzOwDYz%2F8g2%2FEftKomTp42C%2Fc7qRTevQOFdP2Clgn%2BDJZLZp3UnMzJYsCk8kFxvXdwMZv%2BsjaOq%2FaIlKn6P2JIuar%2Fw3Eor36KrrXml8fG2FIwvXz3FiK8IufUdIkbOKIuYjgwjRF2AXVtFckJNalTd8Df5JkLn44JhxqeI70f5JP2bZnpUdLTbH87x7q7ougiDh5S8n%2B7Rc0MeNuzgdGPJmuk41QpFau%2Fko3paPUQShps2q5Rcx5XT7ZDvjNYvke%2FVP%2BgM94BPZkP5YJ%2Bex&nvMid=29064755783&catId=50001519
APLLE 아이폰13 미니 128GB 미개통 미개봉 새상품,"725,690원",https://cr.shopping.naver.com/adcr.nhn?x=Yj%2FBoioPlm45JmhuQUXHGf%2F%2F%2Fw%3D%3DsaUjDVIORrIt9rc%2BuogaC64ZLvhj1cOAeAYC3UumnSn9hJz9H0Ub4KLvuVTVtNMxM3MDaqDArV3v0jfJaDgNRdQo%2F2WkS%2F1yqvcelK6BfLcAWqpddrUc21rhtztvOWRiCwLn7P4mKqHv%2Fte4AyzFPlO0JZ4vKXq2xVuFay0gNbwiO%2FsdgQE5FIA0Tw1QMogpF2%2BMoVCCsVKy2QhO%2Forh%2FzejbkKjGoc08jvmzOp6ZUI%2F3H96Q87EzoVY1ymEiQMC0GdQbPrzRcQ2Gn08n4BbcO8HPv45Edr5fvvv%2FlTzZa4VbLop6dHASil4JgL5w8SXpkd5aGTysG6kvdlgD0SsoVep2LdD%2BbxXYDmNHXbecDBmQVqIFQqkWmzYFbg7wQR8S8PKk%2B%2BH2DlKTPSHXysjuSX%2FKZQtmYRLWQdW9pxTfyCvDzi6XcWNbvKq10qgktmbfefmO9kleGR3%2B4UUUCfrUu%2FwD9FqBCNnMrMJATV%2FJyhZdnvoolkKVNouiKxvFitIQexIpR0lBkahSJgTftc%2Fv4SOuJvah%2B%2Boss8ACdiN%2BIxXbNv2hbUEzkZcib8e5pAbCA%2BRishZ6yB5%2FGkHaNmrFCFLkzyzATfJUj4GOGy0m%2FzQGruH08DlKshetxY8KUEZb&nvMid=29003990842&catId=50001519
Apple 아이폰 13 자급제 미드나이트 128GB,"1,043,150원",https://cr.shopping.naver.com/adcr.nhn?x=x3v6bEACAE3%2BJIZ7BYHKWf%2F%2F%2Fw%3D%3DsyW4HrEHqm%2BnYLWoDoPWNnE25yEC3kCeNXyBoAJJeOb8bsBKbbjTB%2BBCjsLv6tz%2BjOjfg%2FNLQihpnWfH3CWiw1nLmd30xUj7DLSrAXqJLieaKX8XpzPKMTZuewgBLBiq5LlI3%2FqvnQekCI6nc0Sg7T3ULJJH%2BMKqMyaVu%2BUeO3m60%2B85WmSKK5LY2dJjcChMGEH%2BAaYhDPzU3ewm5W9RQFa8jzAzm6%2BLDNivsMJ3Wnbbv5yNx4PUR%2BICdbLdIC77EfnuOsx82onobqih7MRLf9XZUy5nuy4jV2o0vPCL7%2FH60uZz%2FvLz1j30gcH7vHUZ1ZA%2BWLy7oLvDvDaiBGNMjo0vn%2BnWTPYMvqgr8J9lufAY%2Fa18qhDQ1A%2FKJp3fgBDor391W%2FC1w5SVs2sYtTdFSetlf3kItklUzVCbFOs2HVD0ghK9ccmOhhZErthqMSAxd%2F0X8gFBBhr6rnnTk5Nq2rLCv%2BkLhZcFGgL7bj5Suw4jzH6N5zxqs3SNW2xsM3EczB7O3w1Bd4Z7SDbbO9qlRd37BAP7dW8qjvIGA4xxHHQ65bdY2lmeST0bf3I2cZs0DPClkwK55CDvIskHrnU5AZhAxlIdkLzdpdTe1S3DOXby5%2FmL6KtimESuPSEczE3AJGiG0%2BMD09kVauJJ3YSFa1NAH%2F3xsp5mePpIOTcVwSop%2Bv5nDaUMvfhLUwKo0B4I%2By1Vhq%2FH77x9Zlr1IFzyuow%3D%3D&nvMid=29056433547&catId=50001519
[대여] 아이폰렌탈 최신 iphone13 임대 - 30일,"92,000원",https://cr.shopping.naver.com/adcr.nhn?x=FKCoPBSBl8O9LD6TGJe0OP%2F%2F%2Fw%3D%3DsoLIuZ4W%2BDFe%2FJdQKiAX7FwfJTITMTI3MFUDjv3y%2FMgVhJz9H0Ub4KLvuVTVtNMxM4dgd90UIF6lP0IbHhEIqjQo%2F2WkS%2F1yqvcelK6BfLcAWqpddrUc21rhtztvOWRiCnsPpi8ihUy7yDvfjUQ4HYzaSZny%2B1MgSfJG5ocTRQNj1rIvubP2%2F%2BNF2sTRY2hEVaWfyH6%2FKo6m8wtff3vhNH4kZuA2ethy4ZKfjm0B%2B3nirCRdUxvA177jl0VodmokhNUJnit2TyE8yh3GxJ0fiPOuwTtqecSx7heUa%2Br8qDFYrXewltQDKIZ%2BsoaPxO8GGV36ogsAbT2GMBHUreotiQG2s0J2J7hU3fYSDgs9s3mL1N1yYeIEboUUyZYx4OT%2FOWQPzUdV2pTaNinwDSiTzflcP4B6mHq5IHoPAxovOm6AO86rHPz6%2FTFQz2VsASTMndDE%2BOj3vOlVo7C12PRk8US7KPOfoXK8PgrOmiy4RSmUspJxcSvSGuKg78cqvZwwiD%2B1GzYyCQAVsDO6ulMSblpn7QVSskKEecWT9GAZWq6J1q%2F6iR4t6ZZ%2BNCJG5IfgxPljS%2F384uE1l2IdK%2FUCrKQ4SwcLvxUEucVmH%2BcOht40%3D&nvMid=84117362445&catId=50001519
아이폰 Apple 아이폰13 미니 128GB 기기값 19만원,"196,000원",https://cr.shopping.naver.com/adcr.nhn?x=k9axm9ecNor10SvCys7Uqf%2F%2F%2Fw%3D%3DslxwaUIVcO2dczkQvJo54PGarLrb%2ByPtDau%2Bd3sRqoPVWQE1WikGGRjsm7ORTamZ75qBEoBvwNTIk%2BmT%2BrpUwxwThNX6NpuKBuAALyN2KX1F6O2kD378tyngfoMIyDBsOWdV2bKSWQ8DDeZ0K%2BJuyDJxspcflZYjogUa%2BtzON8Ln2UH1RiEW6vY1FWnWOVWrQ84EcMY1WiED3LO8B9%2FwPkY4xtQIAltwW0o1W8EajpK5HQNgmIkw%2FfAw1WPKiWMpAueCfFDuywxl3T1PQ6PKMjF5qtMG%2FJ0PUtQjclakIAMhSrF2bNvtQNIfW5ULBveFEMVdd8yUItSvaUomikco2t0upyqKrbq%2Bohkoas%2FVOhW57DsV6H3VgLc49w6vLmcBieTxswSpjtmly9xBJ22QymKh%2F1bcB%2BrPywSkosIrdjS7Dzi6XcWNbvKq10qgktmbf4o0%2BjS6d923%2BpHIcRGOyRm0pkLpNOX5wZgMRWiYeChpDihemHTwFlR5pP4A5iC%2F7rs0Qp4nkANQL0d41oNnw2hohtPjA9PZFWriSd2EhWtT2saPIc7cFi6xxx02jQHaaZSz0RR3WpJOpPuo%2FSae%2F1ctVYavx%2B%2B8fWZa9SBc8rqM%3D&nvMid=29860284145&catId=50001519
Apple 아이폰 13 미니 256GB 새상품 미개봉 미개통,"498,000원",https://cr.shopping.naver.com/adcr.nhn?x=pnDo%2BsS9IsU2hVW%2Bxmmysv%2F%2F%2Fw%3D%3Ds5h4v7TFm6Oe8S%2BghYgm0q6QvhKZ2W6vudvJE0EengTxWQE1WikGGRjsm7ORTamZ75fBbMhDrHZkGNggqC6NvpQThNX6NpuKBuAALyN2KX1F6O2kD378tyngfoMIyDBsOBv62oZRTRbyIEJXO7qAv6ruVw3GdaDAvxDSjC3cnt2Z%2F22ms%2BW8TiQQNz%2FOHMMFFSI43J0HWm848AdD2k11mvjCEhN7yP3uIXqoVk2wbUs5D4P%2Bj2CVvS6QkrpszyaIoCuwrUM2Vi5bq9fxYHuPhKQNl9VLvSOz%2BozLzEhC43mBmS%2FsfOPTvlPRu3Oq%2BIhu%2B2HvQrG1q57G6KIPveES%2FyO1l7Osgf%2BlK0yfALhwNAX8LrOsamngGmhJsfT13%2FKU5xnOKzEe7IQNs9tYyaH5Vg1sCXnT5UXlCQtowxOY7434qBcyTLorE%2Fxw5%2Fbduu16UkMcDET5%2FM9QhU%2FoM4pXq712e%2BiiWQpU2i6IrG8WK0hCWrRlHKu1LgOjcm8WU9ZYmFzcnvZN2pG12XEuR%2F3JR3rEBpnPoIHSxfdOGN6%2BlTBNSUNI944l4JJc7Xh2RpgkVJfIRcFsSRZVGHylildq5WM2OqH9l6YII5ugOGfB4CYY%3D&nvMid=84324939025&catId=50001519
아이폰 Apple 아이폰13 미니 256GB 구매가 32만원,"328,000원",https://cr.shopping.naver.com/adcr.nhn?x=VI3Y3ul2LdbY6oQ7PLWTNf%2F%2F%2Fw%3D%3DsyEFQS135Jc724fJtDuPx8Nb1j6XkdHjY68nQtycjBLYbsBKbbjTB%2BBCjsLv6tz%2BjhwS%2BKuf%2Brw%2F4lGjZPqVvuZWbKbPMjoKN2xUsp9R%2B%2BtqKX8XpzPKMTZuewgBLBiq5Ka4sLENAytdnwNTfMKW2NyEZeoQHMcdY%2BBmIxWKmM6UYU9jgztfft7b6b5ZIhhGI5zq%2BSXh%2FmOUTYEDHT3kYiIsFwae0BHwdZpQbOfz6J3OuPWs2qmeBj2z4dCo50P8GkOdqIXxic7AxL9rH7EvzbSJiuf%2BuN2z0hTDr%2BqeT%2FlrzBRrjkar2GzTAmy944qjo%2FOIq6qLqW%2BXB7aAhUB%2FZQCVdN3LpKf%2FbKuiZi7z1XJR4nK4sQNgT8EWAEMSmTe%2FwFgXWupBmY3tn51dytHxD1th70KxtauexuiiD73hEv8jYugkFNyPg5cs0yP1w0DdXg2GXCgnmB8mDmym%2FpquINNeqdF7nWbclhZmqjtkOMX0NZRwoBhemM%2FQQwlL4tYFNs7tBr6oQ%2BLmOIOTsrZpbfd5JTqfv7sd3oPSwRR74pNkL6nrfebnckJCqgqS%2F1UnIREOeHKLlT9emTk81OmBqObk9yx2LE4ozzid%2FD5TsgrqHIAzTo5QFgQMZjw8k%2BClTm%2BRAjDN3TyyN6OC79dm8dm9TZjqEQTAbFzUBl8432wvhVEAf6wwM5tqtSh0bB5Hx&nvMid=29860859288&catId=50001519
Apple 아이폰 13 자급제 블루 128GB,"1,079,100원",https://cr.shopping.naver.com/adcr.nhn?x=GUDU37b38bBLDCpAnQB%2BNP%2F%2F%2Fw%3D%3DsHV8kWNmwUfIC%2Fusi0PBXQ1K%2Bpg23xili63un%2BUQlGmQbsBKbbjTB%2BBCjsLv6tz%2BjMyQMzQBBekvfS1%2BeLxQ7t81XZQ0ZwVKIvT2jpGqJQ4%2BKX8XpzPKMTZuewgBLBiq5LlI3%2FqvnQekCI6nc0Sg7T3ULJJH%2BMKqMyaVu%2BUeO3m60%2B85WmSKK5LY2dJjcChMGEH%2BAaYhDPzU3ewm5W9RQFa8jzAzm6%2BLDNivsMJ3Wnbbv5yNx4PUR%2BICdbLdIC77E8dxmYLo%2F5Vcz%2BNjXhruHklkklKn%2B%2BNIw%2BbfReY5q0U20uZz%2FvLz1j30gcH7vHUZ1nti6RjP2KlCMuj1NS1Cyj0vn%2BnWTPYMvqgr8J9lufAY%2Fa18qhDQ1A%2FKJp3fgBDor391W%2FC1w5SVs2sYtTdFSej1%2FXnThNOALZJw6V6V8eWcghK9ccmOhhZErthqMSAxd%2F0X8gFBBhr6rnnTk5Nq2rE2ymMYLXl%2FsDTSKIU%2F2rfvzH6N5zxqs3SNW2xsM3EczB7O3w1Bd4Z7SDbbO9qlRd2lo1jOJPD9Ufcut1zV%2BUPcEtfanKEPnM4osCmuWbMD60zZNqdkHoDc4prBr0jboEux1kacLTkjnqzhUl%2F99LaGr7VAb36ErED7xDOmVlGU6WrFXfLfyPZD0I6SN0Eyd7xl3Erq%2BSdKYKKrHAkfoVTsDfkLIyuldBS3f8m8e6nLmzUhNzs2VE%2B%2Bisqs3JAEppg%3D%3D&nvMid=29619782067&catId=50001519
애플 아이폰13 프로 맥스 256G 자급제 미개봉 새상품,"1,337,590원",https://cr.shopping.naver.com/adcr.nhn?x=0Edalj85dx%2Fr95g6ihEGJP%2F%2F%2Fw%3D%3Ds%2FwF2ZGvP%2FAcozFkhUOBfVwTBkCahknPb%2FYzXL4H4f%2BJhJz9H0Ub4KLvuVTVtNMxM15%2FA%2BoCiv%2BtZ%2BqY%2FZn6lWgo%2F2WkS%2F1yqvcelK6BfLcAWqpddrUc21rhtztvOWRiCnsPpi8ihUy7yDvfjUQ4HY%2Fu6oAkTGETHMs8EuiNceQs7Td5w%2FoNtIrqquRvRUIdxhLUgxExw65kUqbOGkHQX2IgTdboeUkygjqkvbkV1ByJ30VuYQg2eWkzx80r1CuVRywzmTmRvGD%2FgZYTjyHvRo3rTXr7Kn13ziv%2BL7HuG0pJthTvU%2F05au0wXf8ba3f3ajJ1hKBsBFTyEYvBSNpRaro8HCe%2Fem19nxZcKoH%2F96NMQhkkHXK4%2FmSRy5icYE%2F27BW36r4QZshREfg%2B3vq7RNpmImkbcsznmgTC2voJXYkMIN3A3u3O07Sg4gQ4JNPwZ9cHibucK370VBYCLsADYqCXHvb90LMPowiSZ5T81YS%2B0DIsfiSt0okbPcKH469FYCM1sBwYuCuwpLNklJ5PtT9v7Ffkwy78LPGKRuNB%2BDa84%2FoZyQg%2FnzS%2F66jycaB7Iq4S2UyYSnSQlj7JTM4AbZAvqet95udyQkKqCpL%2FVSciokY9LHMdpIUoWpM84tokQtO8vR3VstqxZWSe0efol%2BCoRyNgu9c33f3axpkGo92w7sdMMfagM0dBGrOCGFVtmsb5DruhcutdfgYT7juL5FB0cjwVm1BUYVknE7IEMpz4%3D&nvMid=32485983058&catId=50001519
아이폰 13 256GB 자급제 미개봉 새상품,"957,440원",https://cr.shopping.naver.com/adcr.nhn?x=yYKM1yYfnZDGa8xZSpBRX%2F%2F%2F%2Fw%3D%3DsF7JVo2CZ4QpKWbh2mAJZDjDs0z7yIgve2QnvTNr6dzNhJz9H0Ub4KLvuVTVtNMxMTtL1vITLNTdYq73%2FqnbeXwo%2F2WkS%2F1yqvcelK6BfLcAWqpddrUc21rhtztvOWRiCwLn7P4mKqHv%2Fte4AyzFPlO0JZ4vKXq2xVuFay0gNbwiO%2FsdgQE5FIA0Tw1QMogpFu4QUlnobsLIdcYN2hwfCQBfuCEiKSaUutTBHaq2OE%2Fv3H96Q87EzoVY1ymEiQMC0GdQbPrzRcQ2Gn08n4BbcO8HPv45Edr5fvvv%2FlTzZa4VcdT6s2RN2Tk6%2FCn7oaYKk2pB6xnA3v71m5%2FzHo4kZ5up2LdD%2BbxXYDmNHXbecDBlw282fUd2uPeNHFn7KIXpjqLJfpRdmCcf1DV4WKlKPyNGcSpApPFcaQySrpsMMo6EHOwtp3iFb52GMv88LkMntnV%2F3tTaN3o4%2B0RfveE00nObd7IPwVdH9ThzIlmabD%2FeLDpeUW4I5UFv1GGFH8opZwkRPokOE2XT2ugCiAghMRNmVVgsMQmmcjxwXoIw9IhZH85r8AfiVc0w%2Ft8moPLgiZsMVtcPBe2RUOSUViF81rYVsN%2FiAcjmtIwlTUFZwg6A%3D&nvMid=30313707748&catId=50001519
